filename,status,row_count,reason,processed_at
sms-call-internet-mi-2013-11-03.csv,ACCEPTED,1828063,Passed validation,2026-08-30 23:56:23
sms-call-internet-mi-2013-11-04.csv,ACCEPTED,2299544,Passed validation,2026-08-30 23:56:29
sms-call-internet-mi-2013-11-05.csv,ACCEPTED,2397759,Passed validation,2026-08-30 23:56:36
sms-call-internet-mi-2013-11-06.csv,ACCEPTED,2417156,Passed validation,2026-08-30 23:56:43
sms-call-internet-mi-2013-11-07.csv,ACCEPTED,2407384,Passed validation,2026-08-30 23:56:50
sms-call-internet-mi-invalid.csv,REJECTED,1847331,Negative value found in internet,2026-08-30 23:56:55
sms-call-internet-mi-valid.csv,ACCEPTED,1891928,Passed validation,2026-08-30 23:57:01
sms-call-internet-mi-2013-11-01.csv,ACCEPTED,1891928,Passed validation,2026-09-02 23:31:26
sms-call-internet-mi-2013-11-02.csv,ACCEPTED,1847331,Passed validation,2026-09-02 23:31:33
sms-call-internet-mi-2013-11-03.csv,ACCEPTED,1828063,Passed validation,2026-09-02 23:31:40
sms-call-internet-mi-2013-11-04.csv,ACCEPTED,2299544,Passed validation,2026-09-02 23:31:48
sms-call-internet-mi-2013-11-05.csv,ACCEPTED,2397759,Passed validation,2026-09-02 23:31:56
sms-call-internet-mi-2013-11-06.csv,ACCEPTED,2417156,Passed validation,2026-09-02 23:32:05
sms-call-internet-mi-2013-11-07.csv,ACCEPTED,2407384,Passed validation,2026-09-02 23:32:13
sms-call-internet-mi-invalid.csv,REJECTED,1847331,Negative value found in internet,2026-09-02 23:32:20
